순위,곡명,아티스트,이미지주소
1,그때 그 순간 그대로 (그그그),WSG워너비 (가야G),https://cdnimg.melon.co.kr/cm2/album/images/110/00/171/11000171_20220708163659_500.jpg/melon/resize/120/quality/80/optimize
2,보고싶었어,WSG워너비 (4FIRE),https://cdnimg.melon.co.kr/cm2/album/images/110/00/171/11000171_20220708163659_500.jpg/melon/resize/120/quality/80/optimize
3,POP!,나연 (TWICE),https://cdnimg.melon.co.kr/cm2/album/images/109/90/161/10990161_20220623203136_500.jpg/melon/resize/120/quality/80/optimize
4,LOVE DIVE,IVE (아이브),https://cdnimg.melon.co.kr/cm2/album/images/109/09/179/10909179_20220405103521_500.jpg/melon/resize/120/quality/80/optimize
5,That That (prod. & feat. SUGA of BTS),싸이 (PSY),https://cdnimg.melon.co.kr/cm2/album/images/109/37/474/10937474_20220428225312_500.jpg/melon/resize/120/quality/80/optimize
6,정이라고 하자 (Feat. 10CM),BIG Naughty (서동현),https://cdnimg.melon.co.kr/cm2/album/images/109/25/762/10925762_20220419152007_500.jpg/melon/resize/120/quality/80/optimize
7,TOMBOY,(여자)아이들,https://cdnimg.melon.co.kr/cm2/album/images/108/90/384/10890384_20220314111504_500.jpg/melon/resize/120/quality/80/optimize
8,사랑은 늘 도망가,임영웅,https://cdnimg.melon.co.kr/cm2/album/images/107/35/654/10735654_20211008114339_500.jpg/melon/resize/120/quality/80/optimize
9,우리들의 블루스,임영웅,https://cdnimg.melon.co.kr/cm2/album/images/109/23/444/10923444_20220502140600_500.jpg/melon/resize/120/quality/80/optimize
10,사랑인가 봐,멜로망스,https://cdnimg.melon.co.kr/cm2/album/images/108/71/162/10871162_20220217162422_500.jpg/melon/resize/120/quality/80/optimize
11,Clink Clink (클링 클링),WSG워너비 (오아시소),https://cdnimg.melon.co.kr/cm2/album/images/110/00/171/11000171_20220708163659_500.jpg/melon/resize/120/quality/80/optimize
12,나의 X에게,경서,https://cdnimg.melon.co.kr/cm2/album/images/109/29/486/10929486_20220422151852_500.jpg/melon/resize/120/quality/80/optimize
13,Girls,aespa,https://cdnimg.melon.co.kr/cm2/album/images/109/72/706/10972706_20220708111110_500.jpg/melon/resize/120/quality/80/optimize
14,다시 만날 수 있을까,임영웅,https://cdnimg.melon.co.kr/cm2/album/images/109/23/444/10923444_20220502140600_500.jpg/melon/resize/120/quality/80/optimize
15,그라데이션,10CM,https://cdnimg.melon.co.kr/cm2/album/images/109/95/477/10995477_20220701165440_500.jpg/melon/resize/120/quality/80/optimize
16,_WORLD,세븐틴,https://cdnimg.melon.co.kr/cm2/album/images/109/99/428/10999428_20220718113528_500.jpg/melon/resize/120/quality/80/optimize
17,LOVE me,BE'O (비오),https://cdnimg.melon.co.kr/cm2/album/images/109/16/904/10916904_20220412101049_500.jpg/melon/resize/120/quality/80/optimize
18,무지개,임영웅,https://cdnimg.melon.co.kr/cm2/album/images/109/23/444/10923444_20220502140600_500.jpg/melon/resize/120/quality/80/optimize
19,봄여름가을겨울 (Still Life),BIGBANG (빅뱅),https://cdnimg.melon.co.kr/cm2/album/images/109/08/834/10908834_20220404174407_500.jpg/melon/resize/120/quality/80/optimize
20,이제 나만 믿어요,임영웅,https://cdnimg.melon.co.kr/cm2/album/images/104/12/319/10412319_20200403103006_500.jpg/melon/resize/120/quality/80/optimize
21,아버지,임영웅,https://cdnimg.melon.co.kr/cm2/album/images/109/23/444/10923444_20220502140600_500.jpg/melon/resize/120/quality/80/optimize
22,Yet To Come,방탄소년단,https://cdnimg.melon.co.kr/cm2/album/images/109/79/636/10979636_20220609175418_500.jpg/melon/resize/120/quality/80/optimize
23,내가 아니라도,주호,https://cdnimg.melon.co.kr/cm2/album/images/108/97/407/10897407_20220323150744_500.jpg/melon/resize/120/quality/80/optimize
24,Love story,볼빨간사춘기,https://cdnimg.melon.co.kr/cm2/album/images/109/26/502/10926502_20220420071020_500.jpg/melon/resize/120/quality/80/optimize
25,FEARLESS,LE SSERAFIM (르세라핌),https://cdnimg.melon.co.kr/cm2/album/images/109/39/458/10939458_20220502123814_500.jpg/melon/resize/120/quality/80/optimize
26,HOT,세븐틴,https://cdnimg.melon.co.kr/cm2/album/images/109/22/231/10922231_20220527120653_500.jpg/melon/resize/120/quality/80/optimize
27,Left and Right (Feat. Jung Kook of BTS),"Charlie Puth, 정국, 방탄소년단",https://cdnimg.melon.co.kr/cm2/album/images/109/89/806/10989806_20220623153505_500.jpg/melon/resize/120/quality/80/optimize
28,취중고백,김민석 (멜로망스),https://cdnimg.melon.co.kr/cm2/album/images/108/16/959/10816959_20211217144957_500.jpg/melon/resize/120/quality/80/optimize
29,손이 참 곱던 그대,임영웅,https://cdnimg.melon.co.kr/cm2/album/images/109/23/444/10923444_20220502140600_500.jpg/melon/resize/120/quality/80/optimize
30,A bientot,임영웅,https://cdnimg.melon.co.kr/cm2/album/images/109/23/444/10923444_20220502140600_500.jpg/melon/resize/120/quality/80/optimize
31,사랑해 진짜,임영웅,https://cdnimg.melon.co.kr/cm2/album/images/109/23/444/10923444_20220502140600_500.jpg/melon/resize/120/quality/80/optimize
32,인생찬가,임영웅,https://cdnimg.melon.co.kr/cm2/album/images/109/23/444/10923444_20220502140600_500.jpg/melon/resize/120/quality/80/optimize
33,연애편지,임영웅,https://cdnimg.melon.co.kr/cm2/album/images/109/23/444/10923444_20220502140600_500.jpg/melon/resize/120/quality/80/optimize
34,사랑역,임영웅,https://cdnimg.melon.co.kr/cm2/album/images/109/23/444/10923444_20220502140600_500.jpg/melon/resize/120/quality/80/optimize
35,보금자리,임영웅,https://cdnimg.melon.co.kr/cm2/album/images/109/23/444/10923444_20220502140600_500.jpg/melon/resize/120/quality/80/optimize
36,Feel My Rhythm,Red Velvet (레드벨벳),https://cdnimg.melon.co.kr/cm2/album/images/108/94/554/10894554_20220321100622_500.jpg/melon/resize/120/quality/80/optimize
37,사랑해요 그대를,임영웅,https://cdnimg.melon.co.kr/cm2/album/images/109/23/444/10923444_20220502140600_500.jpg/melon/resize/120/quality/80/optimize
38,바보에게 바보가 (웹툰 '연애의 발견' X 이석훈),이석훈,https://cdnimg.melon.co.kr/cm2/album/images/110/00/863/11000863_20220711113237_500.jpg/melon/resize/120/quality/80/optimize
39,Dynamite,방탄소년단,https://cdnimg.melon.co.kr/cm2/album/images/104/79/150/10479150_20200918102847_500.jpg/melon/resize/120/quality/80/optimize
40,열이올라요 (Heart Burn),선미,https://cdnimg.melon.co.kr/cm2/album/images/109/93/611/10993611_20220629102946_500.jpg/melon/resize/120/quality/80/optimize
41,신호등,이무진,https://cdnimg.melon.co.kr/cm2/album/images/106/07/796/10607796_20210513201807_500.jpg/melon/resize/120/quality/80/optimize
42,ELEVEN,IVE (아이브),https://cdnimg.melon.co.kr/cm2/album/images/107/98/794/10798794_20211201113915_500.jpg/melon/resize/120/quality/80/optimize
43,돌고 돌아,세븐틴,https://cdnimg.melon.co.kr/cm2/album/images/109/99/428/10999428_20220718113528_500.jpg/melon/resize/120/quality/80/optimize
44,아무래도 난,주시크 (Joosiq),https://cdnimg.melon.co.kr/cm2/album/images/109/03/658/10903658_20220329185034_500.jpg/melon/resize/120/quality/80/optimize
45,I LOVE U,WINNER,https://cdnimg.melon.co.kr/cm2/album/images/109/97/520/10997520_20220705113945_500.jpg/melon/resize/120/quality/80/optimize
46,다정히 내 이름을 부르면,"경서예지, 전건호",https://cdnimg.melon.co.kr/cm2/album/images/106/10/525/10610525_20210518143433_500.jpg/melon/resize/120/quality/80/optimize
47,Fallin' Flower (Korean Ver.),세븐틴,https://cdnimg.melon.co.kr/cm2/album/images/109/99/428/10999428_20220718113528_500.jpg/melon/resize/120/quality/80/optimize
48,CHEERS,세븐틴,https://cdnimg.melon.co.kr/cm2/album/images/109/99/428/10999428_20220718113528_500.jpg/melon/resize/120/quality/80/optimize
49,Butter,방탄소년단,https://cdnimg.melon.co.kr/cm2/album/images/106/12/483/10612483_20210521111412_500.jpg/melon/resize/120/quality/80/optimize
50,도깨비불 (Illusion),aespa,https://cdnimg.melon.co.kr/cm2/album/images/109/72/706/10972706_20220708111110_500.jpg/melon/resize/120/quality/80/optimize
51,MY BAG,(여자)아이들,https://cdnimg.melon.co.kr/cm2/album/images/108/90/384/10890384_20220314111504_500.jpg/melon/resize/120/quality/80/optimize
52,GANADARA (Feat. 아이유),박재범,https://cdnimg.melon.co.kr/cm2/album/images/108/89/981/10889981_20220311110820_500.jpg/melon/resize/120/quality/80/optimize
53,Darl+ing,세븐틴,https://cdnimg.melon.co.kr/cm2/album/images/109/22/231/10922231_20220527120653_500.jpg/melon/resize/120/quality/80/optimize
54,늦은 밤 헤어지긴 너무 아쉬워,케이시 (Kassy),https://cdnimg.melon.co.kr/cm2/album/images/109/60/568/10960568_20220518153132_500.jpg/melon/resize/120/quality/80/optimize
55,Permission to Dance,방탄소년단,https://cdnimg.melon.co.kr/cm2/album/images/106/48/182/10648182_20210709104950_500.jpg/melon/resize/120/quality/80/optimize
56,STAY,"The Kid LAROI, Justin Bieber",https://cdnimg.melon.co.kr/cm2/album/images/106/46/395/10646395_20210707141710_500.jpg/melon/resize/120/quality/80/optimize
57,INVU,태연 (TAEYEON),https://cdnimg.melon.co.kr/cm2/album/images/108/63/559/10863559_20220214160739_500.jpg/melon/resize/120/quality/80/optimize
58,듣고 싶을까,MSG워너비(M.O.M),https://cdnimg.melon.co.kr/cm2/album/images/108/80/544/10880544_20220225141002_500.jpg/melon/resize/120/quality/80/optimize
59,Next Level,aespa,https://cdnimg.melon.co.kr/cm2/album/images/106/09/232/10609232_20210517155130_500.jpg/melon/resize/120/quality/80/optimize
60,That's Hilarious,Charlie Puth,https://cdnimg.melon.co.kr/cm2/album/images/108/44/485/10844485_20220407163235_500.jpg/melon/resize/120/quality/80/optimize
61,팡파레,다비치,https://cdnimg.melon.co.kr/cm2/album/images/109/55/743/10955743_20220516141152_500.jpg/melon/resize/120/quality/80/optimize
62,SNEAKERS,ITZY (있지),https://cdnimg.melon.co.kr/cm2/album/images/110/04/992/11004992_20220714144554_500.jpg/melon/resize/120/quality/80/optimize
63,너의 모든 순간,성시경,https://cdnimg.melon.co.kr/cm/album/images/022/32/505/2232505_500.jpg/melon/resize/120/quality/80/optimize
64,해요 (2022),#안녕,https://cdnimg.melon.co.kr/cm2/album/images/109/75/276/10975276_20220603165713_500.jpg/melon/resize/120/quality/80/optimize
65,Weekend,태연 (TAEYEON),https://cdnimg.melon.co.kr/cm2/album/images/106/45/654/10645654_20210706155154_500.jpg/melon/resize/120/quality/80/optimize
66,고백하는 취한밤에 (Prod. 2soo),임재현,https://cdnimg.melon.co.kr/cm2/album/images/109/80/018/10980018_20220610121447_500.jpg/melon/resize/120/quality/80/optimize
67,봄날,방탄소년단,https://cdnimg.melon.co.kr/cm/album/images/100/37/969/10037969_500.jpg/melon/resize/120/quality/80/optimize
68,너를 생각해,주시크 (Joosiq),https://cdnimg.melon.co.kr/cm2/album/images/107/16/399/10716399_20210916173429_500.jpg/melon/resize/120/quality/80/optimize
69,SMILEY (Feat. BIBI),YENA (최예나),https://cdnimg.melon.co.kr/cm2/album/images/108/42/611/10842611_20220117110002_500.jpg/melon/resize/120/quality/80/optimize
70,My Universe,"Coldplay, 방탄소년단",https://cdnimg.melon.co.kr/cm2/album/images/107/20/913/10720913_20210923173742_500.jpg/melon/resize/120/quality/80/optimize
71,Sparkling,청하,https://cdnimg.melon.co.kr/cm2/album/images/110/01/072/11001072_20220711143446_500.jpg/melon/resize/120/quality/80/optimize
72,With you,"지민, 하성운",https://cdnimg.melon.co.kr/cm2/album/images/109/29/466/10929466_20220422145303_500.jpg/melon/resize/120/quality/80/optimize
73,"회전목마 (Feat. Zion.T, 원슈타인) (Prod. Slom)",sokodomo,https://cdnimg.melon.co.kr/cm2/album/images/107/75/252/10775252_20211112142804_500.jpg/melon/resize/120/quality/80/optimize
74,없었던 일로,헤이즈 (Heize),https://cdnimg.melon.co.kr/cm2/album/images/109/93/721/10993721_20220629114339_500.jpg/melon/resize/120/quality/80/optimize
75,드라마,아이유,https://cdnimg.melon.co.kr/cm2/album/images/108/27/816/10827816_20211229143632_500.jpg/melon/resize/120/quality/80/optimize
76,ZOOM,제시 (Jessi),https://cdnimg.melon.co.kr/cm2/album/images/109/18/269/10918269_20220413101153_500.jpg/melon/resize/120/quality/80/optimize
77,DON QUIXOTE,세븐틴,https://cdnimg.melon.co.kr/cm2/album/images/109/22/231/10922231_20220527120653_500.jpg/melon/resize/120/quality/80/optimize
78,언제나 사랑해,케이시 (Kassy),https://cdnimg.melon.co.kr/cm2/album/images/108/57/681/10857681_20220204162442_500.jpg/melon/resize/120/quality/80/optimize
79,바라만 본다,MSG워너비(M.O.M),https://cdnimg.melon.co.kr/cm2/album/images/106/38/275/10638275_20210625172521_500.jpg/melon/resize/120/quality/80/optimize
80,내 손을 잡아,아이유,https://cdnimg.melon.co.kr/cm/album/images/012/86/252/1286252_500.jpg/melon/resize/120/quality/80/optimize
81,리무진 (Feat. MINO) (Prod. GRAY),BE'O (비오),https://cdnimg.melon.co.kr/cm2/album/images/107/84/974/10784974_20211119152051_500.jpg/melon/resize/120/quality/80/optimize
82,Domino,세븐틴,https://cdnimg.melon.co.kr/cm2/album/images/109/22/231/10922231_20220527120653_500.jpg/melon/resize/120/quality/80/optimize
83,"낭만교향곡 (Feat. CHANGMO, 박재범)",BIG Naughty (서동현),https://cdnimg.melon.co.kr/cm2/album/images/109/79/115/10979115_20220609103712_500.jpg/melon/resize/120/quality/80/optimize
84,March,세븐틴,https://cdnimg.melon.co.kr/cm2/album/images/109/22/231/10922231_20220527120653_500.jpg/melon/resize/120/quality/80/optimize
85,OHAYO MY NIGHT,"디핵 (D-Hack), PATEKO (파테코)",https://cdnimg.melon.co.kr/cm2/album/images/104/47/520/10447520_20200619123343_500.jpg/melon/resize/120/quality/80/optimize
86,"스물다섯, 스물하나",자우림,https://cdnimg.melon.co.kr/cm/album/images/022/10/557/2210557_500.jpg/melon/resize/120/quality/80/optimize
87,Shadow,세븐틴,https://cdnimg.melon.co.kr/cm2/album/images/109/22/231/10922231_20220527120653_500.jpg/melon/resize/120/quality/80/optimize
88,"모든 날, 모든 순간 (Every day, Every Moment)",폴킴,https://cdnimg.melon.co.kr/cm/album/images/101/49/492/10149492_500.jpg/melon/resize/120/quality/80/optimize
89,Celebrity,아이유,https://cdnimg.melon.co.kr/cm2/album/images/105/54/246/10554246_20210325161233_500.jpg/melon/resize/120/quality/80/optimize
90,노래해,세븐틴,https://cdnimg.melon.co.kr/cm2/album/images/109/22/231/10922231_20220527120653_500.jpg/melon/resize/120/quality/80/optimize
91,strawberry moon,아이유,https://cdnimg.melon.co.kr/cm2/album/images/107/43/453/10743453_20211018165252_500.jpg/melon/resize/120/quality/80/optimize
92,밤하늘의 별을(2020),경서,https://cdnimg.melon.co.kr/cm2/album/images/105/18/234/10518234_20210216102853_500.jpg/melon/resize/120/quality/80/optimize
93,롤린 (Rollin'),브레이브걸스,https://cdnimg.melon.co.kr/cm2/album/images/100/43/575/10043575_20210302112520_500.jpg/melon/resize/120/quality/80/optimize
94,그 하루(feat.반하나),주호,https://cdnimg.melon.co.kr/cm2/album/images/109/76/036/10976036_20220607154341_500.jpg/melon/resize/120/quality/80/optimize
95,Off My Face,Justin Bieber,https://cdnimg.melon.co.kr/cm2/album/images/105/80/103/10580103_20211008114642_500.jpg/melon/resize/120/quality/80/optimize
96,Life′s Too Short (English Ver.),aespa,https://cdnimg.melon.co.kr/cm2/album/images/109/90/058/10990058_20220623170956_500.jpg/melon/resize/120/quality/80/optimize
97,Savage,aespa,https://cdnimg.melon.co.kr/cm2/album/images/107/31/792/10731792_20211005145407_500.jpg/melon/resize/120/quality/80/optimize
98,IF you leave me,세븐틴,https://cdnimg.melon.co.kr/cm2/album/images/109/22/231/10922231_20220527120653_500.jpg/melon/resize/120/quality/80/optimize
99,Ash,세븐틴,https://cdnimg.melon.co.kr/cm2/album/images/109/22/231/10922231_20220527120653_500.jpg/melon/resize/120/quality/80/optimize
100,너에게 꼭 말하고 싶은 게 있어,경서예지,https://cdnimg.melon.co.kr/cm2/album/images/110/05/938/11005938_20220715154725_500.jpg/melon/resize/120/quality/80/optimize
